[
    {
        "id": "Buona_Vista",
        "pos": [
            320,
            700
        ],
        "layout": 5,
        "signalLayout": 3
    },
    {
        "id": "Farrer_Road",
        "pos": [
            200,
            300
        ],
        "layout": 6,
        "signalLayout": 1,
        "labelPos": [
            20,
            -10
        ]
    },
    {
        "id": "Serangoon",
        "pos": [
            930,
            200
        ],
        "layout": 5,
        "signalLayout": 2
    },
    {
        "id": "Nicoll_Highway",
        "pos": [
            1400,
            600
        ],
        "layout": 6,
        "signalLayout": 0,
        "labelPos": [
            20,
            -10
        ]
    },
    {
        "id": "Bayfront",
        "pos": [
            1160,
            700
        ],
        "layout": 5,
        "signalLayout": 3
    },
    {
        "id": "Harbourfront",
        "pos": [
            710,
            700
        ],
        "layout": 5,
        "signalLayout": 3
    }
]